{
	"info": {
		"_postman_id": "4f588837-2121-46c2-9abf-f42fe1b383e7",
		"name": "ProyectoAtilave",
		"schema": "https://schema.getpostman.com/json/collection/v2.1.0/collection.json"
	},
	"item": [
		{
			"name": "Usuarios",
			"item": [
				{
					"name": "Obtener usuario",
					"protocolProfileBehavior": {
						"disableBodyPruning": true
					},
					"request": {
						"method": "GET",
						"header": [],
						"body": {
							"mode": "raw",
							"raw": "",
							"options": {
								"raw": {
									"language": "json"
								}
							}
						},
						"url": {
							"raw": "http://localhost:8080/api/v1/usuarios",
							"protocol": "http",
							"host": [
								"localhost"
							],
							"port": "8080",
							"path": [
								"api",
								"v1",
								"usuarios"
							]
						}
					},
					"response": []
				},
				{
					"name": "Registrar Usuario",
					"request": {
						"method": "POST",
						"header": [],
						"body": {
							"mode": "raw",
							"raw": "{\r\n    \"tipo_documento\":\"Cedula\",\r\n    \"identificacion\":\"123456789\",\r\n    \"nombre\":\"DEIVIS\",\r\n    \"apellido\":\"RODRIGUEZ\",\r\n    \"celular\":\"3108405678\",\r\n    \"direccion\":\"Calle 5 No.7a-28\",\r\n    \"ciudad\":\"Monteria\",\r\n    \"email\":\"deivis@gmail.com\",\r\n    \"user\":\"deivis2021\",\r\n    \"password\":\"123456\"\r\n}",
							"options": {
								"raw": {
									"language": "json"
								}
							}
						},
						"url": {
							"raw": "http://localhost:8080/api/v1/usuarios",
							"protocol": "http",
							"host": [
								"localhost"
							],
							"port": "8080",
							"path": [
								"api",
								"v1",
								"usuarios"
							]
						}
					},
					"response": []
				},
				{
					"name": "Modificar Usuario",
					"request": {
						"method": "PUT",
						"header": [],
						"body": {
							"mode": "raw",
							"raw": " {\r\n    \"id\": \"619096af48cfa476dadd32de\",\r\n    \"tipo_documento\": \"Cedula\",\r\n    \"identificacion\": \"123456789\",\r\n    \"nombre\": \"DEIVIS\",\r\n    \"apellido\": \"RODRIGUEZ\",\r\n    \"celular\": \"3108405678\",\r\n    \"direccion\": \"Calle 5 No.7a-28\",\r\n    \"ciudad\": \"Monteria\",\r\n    \"email\": \"deivis.rodriguez@gmail.com\",\r\n    \"user\": \"deivis2021\",\r\n    \"password\": \"$2a$10$5DFJ0kHamr/MTZV4VQgwYOdwplz8hsYSuqIDsjoZV34ULBVZfTxu6\"\r\n}",
							"options": {
								"raw": {
									"language": "json"
								}
							}
						},
						"url": {
							"raw": "http://localhost:8080/api/v1/usuarios",
							"protocol": "http",
							"host": [
								"localhost"
							],
							"port": "8080",
							"path": [
								"api",
								"v1",
								"usuarios"
							]
						}
					},
					"response": []
				},
				{
					"name": "Eliminar Usuario",
					"request": {
						"method": "DELETE",
						"header": [],
						"body": {
							"mode": "raw",
							"raw": "",
							"options": {
								"raw": {
									"language": "json"
								}
							}
						},
						"url": {
							"raw": "http://localhost:8080/api/v1/usuarios/619096af48cfa476dadd32de",
							"protocol": "http",
							"host": [
								"localhost"
							],
							"port": "8080",
							"path": [
								"api",
								"v1",
								"usuarios",
								"619096af48cfa476dadd32de"
							]
						}
					},
					"response": []
				}
			]
		},
		{
			"name": "Servicios",
			"item": [
				{
					"name": "Obtener servicios",
					"protocolProfileBehavior": {
						"disableBodyPruning": true
					},
					"request": {
						"method": "GET",
						"header": [
							{
								"key": "token",
								"value": "",
								"type": "text",
								"disabled": true
							}
						],
						"body": {
							"mode": "raw",
							"raw": "",
							"options": {
								"raw": {
									"language": "json"
								}
							}
						},
						"url": {
							"raw": "http://localhost:8080/api/v1/servicios",
							"protocol": "http",
							"host": [
								"localhost"
							],
							"port": "8080",
							"path": [
								"api",
								"v1",
								"servicios"
							]
						}
					},
					"response": []
				},
				{
					"name": "Registrar servicio",
					"request": {
						"method": "POST",
						"header": [
							{
								"key": "user",
								"value": "nadiafanador04",
								"type": "text",
								"disabled": true
							}
						],
						"body": {
							"mode": "raw",
							"raw": "{   \r\n    \"user\":\"wilmedpastor\",\r\n    \"tipo_automotor\":\"Automovil\",\r\n    \"tipo_procedimiento\":\"Lavado general\",\r\n    \"precio\":\"$30.000\",\r\n    \"duracion\":\"1 Hora\"\r\n}",
							"options": {
								"raw": {
									"language": "json"
								}
							}
						},
						"url": {
							"raw": "http://localhost:8080/api/v1/servicios",
							"protocol": "http",
							"host": [
								"localhost"
							],
							"port": "8080",
							"path": [
								"api",
								"v1",
								"servicios"
							]
						}
					},
					"response": []
				},
				{
					"name": "Borrar servicio",
					"request": {
						"method": "DELETE",
						"header": [],
						"body": {
							"mode": "raw",
							"raw": "",
							"options": {
								"raw": {
									"language": "json"
								}
							}
						},
						"url": {
							"raw": "http://localhost:8080/api/v1/servicios/6190a65248cfa476dadd32e3",
							"protocol": "http",
							"host": [
								"localhost"
							],
							"port": "8080",
							"path": [
								"api",
								"v1",
								"servicios",
								"6190a65248cfa476dadd32e3"
							]
						}
					},
					"response": []
				},
				{
					"name": "Modificar servicio",
					"request": {
						"method": "PUT",
						"header": [],
						"body": {
							"mode": "raw",
							"raw": "{\r\n    \"id\": \"6190a3b848cfa476dadd32e2\",\r\n    \"tipo_automotor\": \"Automovil\",\r\n    \"tipo_procedimiento\": \"Lavado general\",\r\n    \"precio\": \"$30.000\",\r\n    \"duracion\": \"1/2 Hora\"\r\n}",
							"options": {
								"raw": {
									"language": "json"
								}
							}
						},
						"url": {
							"raw": "http://localhost:8080/api/v1/servicios",
							"protocol": "http",
							"host": [
								"localhost"
							],
							"port": "8080",
							"path": [
								"api",
								"v1",
								"servicios"
							]
						}
					},
					"response": []
				}
			]
		}
	]
}