[{
  "_id": {
    "$oid": "618f037659ea307107d9d8f6"
  },
  "user": "nadiafanador04",
  "tipo_automotor": "Camioneta",
  "tipo_procedimiento": "Lavado general",
  "precio": "$60.000",
  "duracion": "1 Hora",
  "_class": "ProyectoAtilave.atilave.models.Servicio"
},{
  "_id": {
    "$oid": "6190a3b848cfa476dadd32e2"
  },
  "tipo_automotor": "Automovil",
  "tipo_procedimiento": "Lavado general",
  "precio": "$30.000",
  "duracion": "1/2 Hora",
  "_class": "ProyectoAtilave.atilave.models.Servicio"
}]