[{
  "_id": {
    "$oid": "6188770c9540574e0e9786f3"
  },
  "tipo_documento": "Cedula",
  "identificacion": "12345678",
  "nombre": "NATALIA",
  "apellido": "CANTILLO",
  "celular": "3102489235",
  "direccion": "Carrera 7 No.8-68",
  "ciudad": "Bogotá",
  "email": "natalia@gmail.com",
  "user": "natalia2021",
  "password": "$2a$10$WisnLCXYOROyK0C5mo2DOumWevF3v5zw3xpKZ0GWAgMCEl1mmAYEK",
  "_class": "ProyectoAtilave.atilave.models.Usuario"
},{
  "_id": {
    "$oid": "618f032359ea307107d9d8f5"
  },
  "tipo_documento": "Cedula",
  "identificacion": "12279984",
  "nombre": "WILLIAM",
  "apellido": "MEDINA VARGAS",
  "celular": "3102059956",
  "direccion": "Calle 54 d sur No.78a-24",
  "ciudad": "Bogotá",
  "email": "wilmedpastor@gmail.com",
  "user": "wilmedpastor",
  "password": "$2a$10$5JAOFIhyYlHnzoHB14xCleahCNZcWxcfdFLbZQamlcj7PJakvcY5K",
  "_class": "ProyectoAtilave.atilave.models.Usuario"
}]